Title,Price,Date
Data Or It Didn't Happen - Behavior Analyst Therapist T-Shirt,8.99,2024-07-03
Data Or It Didn't Happen - Behavior Analyst Therapist T-Shirt,8.99,2024-07-03
Data Or It Didn't Happen - Behavior Analyst Therapist T-Shirt,8.99,2024-07-03
Data Or It Didn't Happen - Behavior Analyst Therapist T-Shirt,8.99,2024-07-03
Data Or It Didn't Happen - Behavior Analyst Therapist T-Shirt,8.99,2024-07-03
Data Or It Didn't Happen - Behavior Analyst Therapist T-Shirt,8.99,2024-07-03
Data Or It Didn't Happen - Behavior Analyst Therapist T-Shirt,8.99,2024-07-03
Data Or It Didn't Happen - Behavior Analyst Therapist T-Shirt,8.99,2024-07-03
Data Or It Didn't Happen - Behavior Analyst Therapist T-Shirt,8.99,2024-07-03
Data Or It Didn't Happen - Behavior Analyst Therapist T-Shirt,8.99,2024-07-03
Data Or It Didn't Happen - Behavior Analyst Therapist T-Shirt,8.99,2024-07-03
Data Or It Didn't Happen - Behavior Analyst Therapist T-Shirt,8.99,2024-07-03
Data Or It Didn't Happen - Behavior Analyst Therapist T-Shirt,8.99,2024-07-03
Data Or It Didn't Happen - Behavior Analyst Therapist T-Shirt,8.99,2024-07-03
Data Or It Didn't Happen - Behavior Analyst Therapist T-Shirt,8.99,2024-07-03
Data Or It Didn't Happen - Behavior Analyst Therapist T-Shirt,8.99,2024-07-03
Data Or It Didn't Happen - Behavior Analyst Therapist T-Shirt,8.99,2024-07-03
Data Or It Didn't Happen - Behavior Analyst Therapist T-Shirt,8.99,2024-07-03
Data Or It Didn't Happen - Behavior Analyst Therapist T-Shirt,8.99,2024-07-03
Data Or It Didn't Happen - Behavior Analyst Therapist T-Shirt,8.99,2024-07-03
Data Or It Didn't Happen - Behavior Analyst Therapist T-Shirt,8.99,2024-07-03
Data Or It Didn't Happen - Behavior Analyst Therapist T-Shirt,8.99,2024-07-03
Data Or It Didn't Happen - Behavior Analyst Therapist T-Shirt,8.99,2024-07-03
Data Or It Didn't Happen - Behavior Analyst Therapist T-Shirt,8.99,2024-07-03
Data Or It Didn't Happen - Behavior Analyst Therapist T-Shirt,8.99,2024-07-03
Data Or It Didn't Happen - Behavior Analyst Therapist T-Shirt,8.99,2024-07-03
Data Or It Didn't Happen - Behavior Analyst Therapist T-Shirt,8.99,2024-07-03
Data Or It Didn't Happen - Behavior Analyst Therapist T-Shirt,8.99,2024-07-03
Data Or It Didn't Happen - Behavior Analyst Therapist T-Shirt,8.99,2024-07-03
Data Or It Didn't Happen - Behavior Analyst Therapist T-Shirt,8.99,2024-07-03
Data Or It Didn't Happen - Behavior Analyst Therapist T-Shirt,8.99,2024-07-03
Data Or It Didn't Happen - Behavior Analyst Therapist T-Shirt,8.99,2024-07-03
Data Or It Didn't Happen - Behavior Analyst Therapist T-Shirt,8.99,2024-07-03
Data Or It Didn't Happen - Behavior Analyst Therapist T-Shirt,8.99,2024-07-03
Data Or It Didn't Happen - Behavior Analyst Therapist T-Shirt,8.99,2024-07-03
Data Or It Didn't Happen - Behavior Analyst Therapist T-Shirt,8.99,2024-07-03
Data Or It Didn't Happen - Behavior Analyst Therapist T-Shirt,8.99,2024-07-03
Data Or It Didn't Happen - Behavior Analyst Therapist T-Shirt,8.99,2024-07-03
Data Or It Didn't Happen - Behavior Analyst Therapist T-Shirt,8.99,2024-07-03
Data Or It Didn't Happen - Behavior Analyst Therapist T-Shirt,8.99,2024-07-03
Data Or It Didn't Happen - Behavior Analyst Therapist T-Shirt,8.99,2024-07-03
Data Or It Didn't Happen - Behavior Analyst Therapist T-Shirt,8.99,2024-07-03
Data Or It Didn't Happen - Behavior Analyst Therapist T-Shirt,8.99,2024-07-03
Data Or It Didn't Happen - Behavior Analyst Therapist T-Shirt,8.99,2024-07-03
Data Or It Didn't Happen - Behavior Analyst Therapist T-Shirt,8.99,2024-07-03
Data Or It Didn't Happen - Behavior Analyst Therapist T-Shirt,8.99,2024-07-03
Data Or It Didn't Happen - Behavior Analyst Therapist T-Shirt,8.99,2024-07-03
Data Or It Didn't Happen - Behavior Analyst Therapist T-Shirt,8.99,2024-07-03
Data Or It Didn't Happen - Behavior Analyst Therapist T-Shirt,8.99,2024-07-03
Data Or It Didn't Happen - Behavior Analyst Therapist T-Shirt,8.99,2024-07-04
Data Or It Didn't Happen - Behavior Analyst Therapist T-Shirt,8.99,2024-07-04
Data Or It Didn't Happen - Behavior Analyst Therapist T-Shirt,8.99,2024-07-04
Data Or It Didn't Happen - Behavior Analyst Therapist T-Shirt,8.99,2024-07-04
Data Or It Didn't Happen - Behavior Analyst Therapist T-Shirt,8.99,2024-07-04
Data Or It Didn't Happen - Behavior Analyst Therapist T-Shirt,8.99,2024-07-04
Data Or It Didn't Happen - Behavior Analyst Therapist T-Shirt,8.99,2024-07-04
Data Or It Didn't Happen - Behavior Analyst Therapist T-Shirt,8.99,2024-07-04
Data Or It Didn't Happen - Behavior Analyst Therapist T-Shirt,8.99,2024-07-04
Data Or It Didn't Happen - Behavior Analyst Therapist T-Shirt,8.99,2024-07-04
Data Or It Didn't Happen - Behavior Analyst Therapist T-Shirt,8.99,2024-07-04
Data Or It Didn't Happen - Behavior Analyst Therapist T-Shirt,8.99,2024-07-04
Data Or It Didn't Happen - Behavior Analyst Therapist T-Shirt,8.99,2024-07-04
Data Or It Didn't Happen - Behavior Analyst Therapist T-Shirt,8.99,2024-07-04
Data Or It Didn't Happen - Behavior Analyst Therapist T-Shirt,8.99,2024-07-04
Data Or It Didn't Happen - Behavior Analyst Therapist T-Shirt,8.99,2024-07-04
Data Or It Didn't Happen - Behavior Analyst Therapist T-Shirt,8.99,2024-07-04
Data Or It Didn't Happen - Behavior Analyst Therapist T-Shirt,8.99,2024-07-04
Data Or It Didn't Happen - Behavior Analyst Therapist T-Shirt,8.99,2024-07-04
Data Or It Didn't Happen - Behavior Analyst Therapist T-Shirt,8.99,2024-07-04
Data Or It Didn't Happen - Behavior Analyst Therapist T-Shirt,8.99,2024-07-04
Data Or It Didn't Happen - Behavior Analyst Therapist T-Shirt,8.99,2024-07-04
Data Or It Didn't Happen - Behavior Analyst Therapist T-Shirt,8.99,2024-07-04
Data Or It Didn't Happen - Behavior Analyst Therapist T-Shirt,8.99,2024-07-04
Data Or It Didn't Happen - Behavior Analyst Therapist T-Shirt,8.99,2024-07-04
Data Or It Didn't Happen - Behavior Analyst Therapist T-Shirt,8.99,2024-07-04
Data Or It Didn't Happen - Behavior Analyst Therapist T-Shirt,8.99,2024-07-04
Data Or It Didn't Happen - Behavior Analyst Therapist T-Shirt,8.99,2024-07-04
Data Or It Didn't Happen - Behavior Analyst Therapist T-Shirt,8.99,2024-07-05
Data Or It Didn't Happen - Behavior Analyst Therapist T-Shirt,8.99,2024-07-05
Data Or It Didn't Happen - Behavior Analyst Therapist T-Shirt,8.99,2024-07-05
Data Or It Didn't Happen - Behavior Analyst Therapist T-Shirt,8.99,2024-07-05
Data Or It Didn't Happen - Behavior Analyst Therapist T-Shirt,8.99,2024-07-05
Data Or It Didn't Happen - Behavior Analyst Therapist T-Shirt,8.99,2024-07-07
Data Or It Didn't Happen - Behavior Analyst Therapist T-Shirt,8.99,2024-07-07
Data Or It Didn't Happen - Behavior Analyst Therapist T-Shirt,8.99,2024-07-07
Data Or It Didn't Happen - Behavior Analyst Therapist T-Shirt,8.99,2024-07-07
Data Or It Didn't Happen - Behavior Analyst Therapist T-Shirt,8.99,2024-07-07
Data Or It Didn't Happen - Behavior Analyst Therapist T-Shirt,8.99,2024-07-07
Data Or It Didn't Happen - Behavior Analyst Therapist T-Shirt,8.99,2024-07-07
Data Or It Didn't Happen - Behavior Analyst Therapist T-Shirt,8.99,2024-07-07
Data Or It Didn't Happen - Behavior Analyst Therapist T-Shirt,8.99,2024-07-07
Data Or It Didn't Happen - Behavior Analyst Therapist T-Shirt,8.99,2024-07-07
Data Or It Didn't Happen - Behavior Analyst Therapist T-Shirt,8.99,2024-07-07
Data Or It Didn't Happen - Behavior Analyst Therapist T-Shirt,8.99,2024-07-07
Data Or It Didn't Happen - Behavior Analyst Therapist T-Shirt,9.99,2024-09-12
Data Or It Didn't Happen - Behavior Analyst Therapist T-Shirt,9.99,2024-09-12
